likes,comments,shares,date
204507,100,419,2021/03/31
8457,35,33,2021/03/31
5368177,195707,659388,2021/03/31
1008628,21609,155249,2021/03/31
30574,192,119,2021/03/31
618647,137,51500,2021/03/31
17649,58,67,2021/03/31
364621,110,1218,2021/03/30
5081780,128661,11790,2021/03/30
5250,91,19,2021/03/30
669602,11654,1132,2021/03/30
4322,46,6,2021/03/30
685376,53,3693,2021/03/29
305540,200,1468,2021/03/29
4973,55,11,2021/03/29
2689088,46597,4261,2021/03/29
2719378,29963,4273,2021/03/29
739026,9545,1307,2021/03/28
24743,124,97,2021/03/27
1171849,20418,6350,2021/03/27
18284,130,745,2021/03/27
1426423,60915,14909,2021/03/27
384042,55,797,2021/03/27
776715,25585,9307,2021/03/26
9427930,124423,53026,2021/03/26
538385,83,2143,2021/03/26
20332,170,208,2021/03/26
844335,12927,1876,2021/03/26
511752,192,1723,2021/03/26
1239225,44950,12617,2021/03/26
6351,54,8,2021/03/26
