点赞数,评论数,分享数,视频发布时间
16443,64,78,2021/3/31 20:19
204507,100,419,2021/3/31 18:48
8457,35,33,2021/3/31 18:07
5368177,195707,659388,2021/3/31 14:58
1008628,21609,155249,2021/3/31 8:59
30574,192,119,2021/3/31 8:45
618647,137,51500,2021/3/31 8:07
17649,58,67,2021/3/31 8:05
364621,110,1218,2021/3/30 22:02
5081780,128661,11790,2021/3/30 18:08
5250,91,19,2021/3/30 14:24
669602,11654,1132,2021/3/30 12:47
4322,46,6,2021/3/30 12:41
685376,53,3693,2021/3/29 19:20
305540,200,1468,2021/3/29 17:32
4973,55,11,2021/3/29 17:31
2689088,46597,4261,2021/3/29 16:07
2719378,29963,4273,2021/3/29 10:58
739026,9545,1307,2021/3/28 11:47
24743,124,97,2021/3/27 23:19
1171849,20418,6350,2021/3/27 21:48
18284,130,745,2021/3/27 17:04
1426423,60915,14909,2021/3/27 11:36
384042,55,797,2021/3/27 9:50
776715,25585,9307,2021/3/26 20:25
9427930,124423,53026,2021/3/26 19:32
538385,83,2143,2021/3/26 19:24
20332,170,208,2021/3/26 18:58
844335,12927,1876,2021/3/26 17:41
511752,192,1723,2021/3/26 17:23
1239225,44950,12617,2021/3/26 16:21
6351,54,8,2021/3/26 12:43
122,0,0,2021/3/26 12:35
123007,4178,347,2021/3/26 12:25
795064,35617,5014,2021/3/26 8:24
149824,114,595,2021/3/25 23:18
505169,146,1501,2021/3/25 20:42
607765,21893,2718,2021/3/25 20:20
73852,16,638,2021/3/25 19:44
83494,15,653,2021/3/25 19:44
17526,132,125,2021/3/25 18:28
15231,185,127,2021/3/25 17:17
675338,20515,7388,2021/3/25 16:43
12135,1023,83,2021/3/25 16:21
818790,21422,13808,2021/3/25 16:07
304276,153,3005,2021/3/25 15:37
484532,11741,5194,2021/3/25 13:22
25668,25,394,2021/3/25 8:54
416527,8608,10117,2021/3/25 8:41
4095839,71307,24331,2021/3/24 23:54
221078,195,938,2021/3/24 23:32
8688,16,20,2021/3/24 22:22
6796,58,47,2021/3/24 21:33
18374,9,161,2021/3/24 21:00
776464,21889,8940,2021/3/24 19:57
328524,122,652,2021/3/24 18:23
339854,100,2295,2021/3/24 18:15
257122,170,2718,2021/3/24 16:45
266569,4652,996,2021/3/24 12:56
27991,7,410,2021/3/24 9:32
415110,6149,10850,2021/3/24 9:15
85323,23,1064,2021/3/23 21:18
1309560,71890,38995,2021/3/23 18:05
816157,32987,10492,2021/3/23 16:20
209798,74,1314,2021/3/23 10:25
2277479,46965,22855,2021/3/23 8:50
605355,129,2052,2021/3/22 23:58
48757,14,368,2021/3/22 23:17
1984844,58600,4283,2021/3/22 19:29
301192,195,803,2021/3/22 18:41
528296,164,3956,2021/3/22 16:13
9910,163,82,2021/3/22 10:49
727113,20938,17917,2021/3/21 23:16
2283112,144286,88629,2021/3/20 21:41
1181625,22700,10444,2021/3/20 15:31
27285,176,413,2021/3/20 12:29
150003,159,339,2021/3/20 11:17
1302165,100666,15810,2021/3/20 11:06
3214606,97683,54865,2021/3/20 9:15
103708,88,273,2021/3/20 8:22
5276390,123067,83994,2021/3/20 8:00
225026,136,2550,2021/3/20 7:10
1461352,50931,27807,2021/3/19 20:51
827430,22282,7328,2021/3/19 20:15
96884,179,2467,2021/3/19 17:52
268921,175,2013,2021/3/19 14:25
799223,23660,8926,2021/3/19 13:01
533802,146,4407,2021/3/19 12:43
813466,39558,26040,2021/3/19 11:42
2517674,104684,12017,2021/3/19 11:10
28529,174,103,2021/3/19 9:50
443572,145,1923,2021/3/18 19:32
34447,187,267,2021/3/18 17:16
2300554,23491,6384,2021/3/18 15:27
646810,15820,3490,2021/3/18 13:46
3025,199,230,2021/3/18 9:22
935711,41225,5981,2021/3/17 20:52
759865,41530,7034,2021/3/17 18:28
139156,84,343,2021/3/17 12:12
2201203,74456,12159,2021/3/17 11:25
240264,178,649,2021/3/17 10:12
474415,12993,1772,2021/3/16 22:14
255,0,1,2021/3/16 18:23
55501,199,57,2021/3/16 16:24
2161800,37539,3631,2021/3/15 20:33
5420,72,24,2021/3/15 19:31
2822921,45845,3958,2021/3/15 16:35
46946,142,76,2021/3/15 10:44
180065,192,428,2021/3/14 12:07
38000,972,151,2021/3/14 10:27
52606,144,146,2021/3/13 23:25
2347930,84137,385355,2021/3/13 22:19
66818,187,86,2021/3/12 22:58
56782,197,47,2021/3/12 20:53
176536,4016,231,2021/3/12 18:37
962295,12118,3197,2021/3/12 8:55
3953054,50679,277346,2021/3/11 22:15
399484,45,5365,2021/3/11 18:35
2272914,124931,109675,2021/3/11 18:27
8992,132,244,2021/3/11 17:54
3644,56,26,2021/3/11 17:36
3589504,238297,133492,2021/3/11 17:25
9785,25,199,2021/3/11 17:16
297581,126,2315,2021/3/11 16:52
3396980,35505,11633,2021/3/11 16:33
47677,127,289,2021/3/11 15:49
1309209,8619,1635,2021/3/11 15:11
197196,103,579,2021/3/11 13:01
162620,66,618,2021/3/10 19:39
3591987,41697,24917,2021/3/10 15:40
18411,112,30,2021/3/10 12:56
663240,45881,24857,2021/3/10 10:42
32363,95,700,2021/3/10 9:31
2114288,99392,141029,2021/3/9 22:44
27980,58,84,2021/3/9 21:46
286324,33,2531,2021/3/9 20:48
5314,49,21,2021/3/9 19:24
24886,31,120,2021/3/9 19:21
1440,1,2,2021/3/9 19:09
3217,49,14,2021/3/9 15:07
2440109,58171,14717,2021/3/9 14:40
90773,123,857,2021/3/9 10:13
13121,116,134,2021/3/9 9:36
634168,140,51556,2021/3/8 22:46
1189758,143,27266,2021/3/8 22:18
15543,19,46,2021/3/8 22:03
116306,147,6187,2021/3/8 21:55
20590,182,223,2021/3/8 17:53
6300,75,68,2021/3/8 17:29
141,0,0,2021/3/8 15:20
8290876,594065,629779,2021/3/8 15:13
576039,110,122145,2021/3/8 14:12
8465,120,614,2021/3/8 11:49
452777,14518,3332,2021/3/8 9:29
1572205,24198,61920,2021/3/8 0:02
4680526,58671,21078,2021/3/7 23:42
12179,5,32,2021/3/7 19:28
9184,39,44,2021/3/7 17:23
16891,923,120,2021/3/7 16:52
1643235,55066,14684,2021/3/7 16:38
65148,2192,356,2021/3/7 16:22
91156,135,275,2021/3/7 16:21
4795,103,54,2021/3/7 15:56
120112,1424,1148,2021/3/7 15:17
147392,3028,308,2021/3/7 12:22
1272475,44381,135355,2021/3/7 11:07
79032,127,4199,2021/3/7 10:36
114098,23,1677,2021/3/6 19:16
4918850,58136,12576,2021/3/6 18:46
144703,184,242,2021/3/6 14:07
603891,29880,9908,2021/3/6 9:54
343510,5527,2382,2021/3/5 20:10
7517,31,32,2021/3/5 20:00
583,0,1,2021/3/5 19:43
9602,53,29,2021/3/5 18:32
92993,166,3745,2021/3/5 15:12
917120,34190,23116,2021/3/5 13:26
49896,155,3585,2021/3/5 12:47
93792,103,4188,2021/3/5 12:46
3051,28,145,2021/3/5 12:12
475,9,25,2021/3/5 10:57
1364185,54076,48206,2021/3/5 10:17
14317,186,215,2021/3/5 9:56
480255,10234,4983,2021/3/5 9:14
116204,196,221,2021/3/4 22:23
3150687,34556,18569,2021/3/4 15:59
102454,186,1019,2021/3/4 15:24
287032,7101,3892,2021/3/4 15:09
2212871,91933,11188,2021/3/4 10:57
274884,9627,918,2021/3/4 9:56
1751405,94224,221071,2021/3/3 23:29
77205,185,2018,2021/3/3 22:07
3381709,86390,10469,2021/3/3 18:32
9308827,394214,223758,2021/3/3 15:56
1322550,18753,3892,2021/3/3 14:46
1269580,97143,3374,2021/3/2 15:22
15877,180,24,2021/3/2 10:36
718593,16524,3670,2021/3/1 22:23
67247,41,425,2021/3/1 19:34
1649088,36762,57276,2021/3/1 18:04
12757,197,70,2021/3/1 16:27
126607,5316,1248,2021/3/1 14:05
74658,209,629,2021/3/1 13:33
